date,label
2016-05-01,weekend_normal
2016-05-02,workday_normal
2016-05-03,workday_normal
2016-05-04,workday_normal
2016-05-05,workday_normal
2016-05-06,workday_normal
2016-05-07,weekend_normal
2016-05-08,weekend_normal
2016-05-09,workday_normal
2016-05-10,workday_normal
2016-05-11,workday_normal
2016-05-12,workday_normal
2016-05-13,workday_normal
2016-05-14,weekend_normal
2016-05-15,weekend_normal
2016-05-16,workday_normal
2016-05-17,workday_normal
2016-05-18,workday_normal
2016-05-19,workday_normal
2016-05-20,workday_normal
2016-05-21,weekend_normal
2016-05-22,weekend_normal
2016-05-23,workday_normal
2016-05-24,workday_normal
2016-05-25,workday_normal
2016-05-26,workday_normal
2016-05-27,workday_normal
2016-05-28,weekend_normal
2016-05-29,weekend_normal
2016-05-30,workday_normal
2016-05-31,workday_normal
2016-06-01,workday_normal
2016-06-02,workday_normal
2016-06-03,workday_normal
2016-06-04,weekend_abnormal
2016-06-05,weekend_normal
2016-06-06,workday_normal
2016-06-07,workday_normal
2016-06-08,workday_normal
2016-06-09,workday_normal
2016-06-10,workday_normal
2016-06-11,weekend_abnormal_normal_running
2016-06-12,weekend_abnormal_normal_running
2016-06-13,workday_normal
2016-06-14,workday_normal
2016-06-15,workday_normal
2016-06-16,workday_normal
2016-06-17,workday_normal
2016-06-18,weekend_abnormal_normal_running
2016-06-19,weekend_abnormal_normal_running
2016-06-20,workday_normal
2016-06-21,workday_normal
2016-06-22,workday_normal
2016-06-23,workday_normal
2016-06-24,workday_normal
2016-06-25,weekend_abnormal_normal_running
2016-06-26,weekend_abnormal_normal_running
2016-06-27,workday_normal
2016-06-28,workday_normal
2016-06-29,workday_normal
2016-06-30,workday_normal
2016-07-01,workday_normal
2016-07-02,weekend_abnormal_normal_running
2016-07-03,weekend_abnormal_normal_running
2016-07-04,workday_normal
2016-07-05,workday_normal
2016-07-06,workday_abnormal_misc
2016-07-07,workday_abnormal_misc
2016-07-08,workday_abnormal_misc
2016-07-09,weekend_abnormal_normal_running
2016-07-10,weekend_abnormal_normal_running
2016-07-11,workday_normal
2016-07-12,workday_normal
2016-07-13,workday_normal
2016-07-14,workday_normal
2016-07-15,workday_normal
2016-07-16,weekend_abnormal_normal_running
2016-07-17,weekend_abnormal_normal_running
2016-07-18,workday_abnormal_misc
2016-07-19,workday_normal
2016-07-20,workday_normal
2016-07-21,workday_abnormal_shutof_on_day
2016-07-22,workday_abnormal_misc
2016-07-23,weekend_abnormal
2016-07-24,weekend_abnormal
2016-07-25,workday_abnormal_misc
2016-07-26,workday_abnormal_misc
2016-07-27,workday_normal
2016-07-28,workday_normal
2016-07-29,workday_normal
2016-07-30,weekend_abnormal_normal_running
2016-07-31,weekend_abnormal_normal_running
2016-08-01,workday_normal
2016-08-02,workday_normal
2016-08-03,workday_normal
2016-08-04,workday_normal
2016-08-05,workday_normal
2016-08-06,weekend_abnormal
2016-08-07,weekend_normal
2016-08-08,workday_normal
2016-08-09,workday_normal
2016-08-10,workday_normal
2016-08-11,workday_abnormal_misc
2016-08-12,workday_abnormal_misc
2016-08-13,weekend_abnormal
2016-08-14,weekend_abnormal
2016-08-15,workday_abnormal_misc
2016-08-16,workday_normal
2016-08-17,workday_normal
2016-08-18,workday_normal
2016-08-19,workday_normal
2016-08-20,weekend_abnormal_normal_running
2016-08-21,weekend_abnormal_normal_running
2016-08-22,workday_normal
2016-08-23,workday_normal
2016-08-24,workday_normal
2016-08-25,workday_normal
2016-08-26,workday_normal
2016-08-27,weekend_abnormal_normal_running
2016-08-28,weekend_abnormal_normal_running
2016-08-29,workday_normal
2016-08-30,workday_normal
2016-08-31,workday_normal
2016-09-01,workday_normal
2016-09-02,workday_normal
2016-09-03,weekend_abnormal_normal_running
2016-09-04,weekend_abnormal_normal_running
2016-09-05,workday_normal
2016-09-06,workday_normal
2016-09-07,workday_normal
2016-09-08,workday_normal
2016-09-09,workday_normal
2016-09-10,weekend_abnormal_normal_running
2016-09-11,weekend_abnormal_normal_running
2016-09-12,workday_normal
2016-09-13,workday_normal
2016-09-14,workday_normal
2016-09-15,workday_abnormal_misc
2016-09-17,weekend_abnormal
2016-09-18,weekend_abnormal_normal_running
2016-09-19,workday_normal
2016-09-20,workday_normal
2016-09-21,workday_normal
2016-09-22,workday_normal
2016-09-23,workday_normal
2016-09-24,weekend_abnormal_normal_running
2016-09-25,weekend_abnormal_normal_running
2016-09-26,workday_normal
2016-09-27,workday_normal
2016-09-28,workday_normal
2016-09-29,workday_normal
2016-09-30,workday_normal
2016-10-01,weekend_abnormal
2016-10-02,weekend_normal
2016-10-03,workday_normal
2016-10-04,workday_normal
2016-10-05,workday_abnormal_shutof_on_day
2016-10-06,workday_normal
2016-10-07,workday_normal
2016-10-08,weekend_abnormal_normal_running
2016-10-09,weekend_abnormal_normal_running
2016-10-10,workday_normal
2016-10-11,workday_normal
2016-10-12,workday_abnormal_shutof_on_day
2016-10-13,workday_abnormal_shutof_on_day
2016-10-14,workday_abnormal_shutof_on_day
2016-10-15,weekend_abnormal
2016-10-16,weekend_abnormal_normal_running
2016-10-17,workday_normal
2016-10-18,workday_normal
2016-10-19,workday_normal
2016-10-20,workday_abnormal_shutof_on_day
2016-10-21,workday_normal
2016-10-22,weekend_abnormal_normal_running
2016-10-23,weekend_abnormal_normal_running
2016-10-24,workday_normal
2016-10-25,workday_normal
2016-10-26,workday_normal
2016-10-27,workday_normal
2016-10-28,workday_normal
2016-10-29,weekend_abnormal_normal_running
2016-10-30,weekend_abnormal
2016-10-31,workday_normal
2016-11-01,workday_normal
2016-11-02,workday_normal
2016-11-03,workday_normal
2016-11-04,workday_normal
2016-11-05,weekend_normal
2016-11-06,weekend_normal
2016-11-07,workday_normal
2016-11-08,workday_normal
2016-11-09,workday_normal
2016-11-10,workday_normal
2016-11-11,workday_normal
2016-11-12,weekend_normal
2016-11-13,weekend_normal
2016-11-14,workday_normal
2016-11-15,workday_normal
2016-11-16,workday_normal
2016-11-17,workday_normal
2016-11-18,workday_normal
2016-11-19,weekend_normal
2016-11-20,weekend_normal
2016-11-21,workday_normal
2016-11-22,workday_normal
2016-11-23,workday_normal
2016-11-24,workday_normal
2016-11-25,workday_normal
2016-11-26,weekend_normal
2016-11-27,weekend_normal
2016-11-28,workday_normal
2016-11-29,workday_normal
2016-11-30,workday_normal
2016-12-01,workday_normal
2016-12-02,workday_normal
2016-12-03,weekend_normal
2016-12-04,weekend_normal
2016-12-05,workday_normal
2016-12-06,workday_normal
2016-12-07,workday_normal
2016-12-08,workday_normal
2016-12-09,workday_normal
2016-12-10,weekend_normal
2016-12-11,weekend_normal
2016-12-12,workday_normal
2016-12-13,workday_normal
2016-12-14,workday_normal
2016-12-15,workday_normal
2016-12-16,workday_abnormal_misc
2016-12-17,weekend_abnormal
2016-12-18,weekend_abnormal
2016-12-19,workday_abnormal_misc
2016-12-20,workday_normal
2016-12-21,workday_abnormal_shutof_on_day
2016-12-22,workday_normal
2016-12-23,workday_normal
2016-12-24,weekend_normal
2016-12-25,weekend_normal
2016-12-26,workday_normal
2016-12-27,workday_abnormal_shutof_on_day
2016-12-28,workday_normal
2016-12-29,workday_normal
2016-12-30,workday_normal
2016-12-31,weekend_normal
2017-01-01,weekend_normal
2017-01-02,workday_normal
2017-01-03,workday_abnormal_shutof_on_day
2017-01-04,workday_normal
2017-01-05,workday_normal
2017-01-06,workday_normal
2017-01-07,weekend_normal
2017-01-08,weekend_normal
2017-01-09,workday_normal
2017-01-10,workday_normal
2017-01-11,workday_normal
2017-01-12,workday_normal
2017-01-13,workday_abnormal_misc
2017-01-14,weekend_abnormal
2017-01-15,weekend_abnormal
2017-01-16,workday_normal
2017-01-17,workday_normal
2017-01-18,workday_normal
2017-01-19,workday_normal
2017-01-20,workday_abnormal_misc
2017-01-21,weekend_abnormal
2017-01-22,weekend_normal
2017-01-23,workday_normal
2017-01-24,workday_normal
2017-01-25,workday_normal
2017-01-26,workday_normal
2017-01-27,workday_normal
2017-01-28,weekend_normal
2017-01-29,weekend_normal
2017-01-30,workday_normal
2017-01-31,workday_normal
2017-02-01,workday_normal
2017-02-02,workday_normal
2017-02-03,workday_normal
2017-02-04,weekend_normal
2017-02-05,weekend_normal
2017-02-06,workday_normal
2017-02-07,workday_normal
2017-02-08,workday_normal
2017-02-09,workday_normal
2017-02-10,workday_normal
2017-02-11,weekend_abnormal
2017-02-12,weekend_normal
2017-02-13,workday_normal
2017-02-14,workday_normal
2017-02-15,workday_normal
2017-02-16,workday_normal
2017-02-17,workday_normal
2017-02-18,weekend_abnormal
2017-02-19,weekend_normal
2017-02-20,workday_normal
2017-02-21,workday_normal
2017-02-22,workday_normal
2017-02-23,workday_normal
2017-02-24,workday_normal
2017-02-25,weekend_normal
2017-02-26,weekend_normal
2017-02-27,workday_normal
2017-02-28,workday_normal
2017-03-01,workday_normal
2017-03-02,workday_normal
2017-03-03,workday_normal
2017-03-04,weekend_normal
2017-03-05,weekend_normal
2017-03-06,workday_normal
2017-03-07,workday_normal
2017-03-08,workday_normal
2017-03-09,workday_normal
2017-03-10,workday_normal
2017-03-11,weekend_abnormal_normal_running
2017-03-12,weekend_normal
2017-03-13,workday_normal
2017-03-14,workday_abnormal_misc
2017-03-15,workday_normal
2017-03-16,workday_normal
2017-03-17,workday_normal
2017-03-18,weekend_normal
2017-03-19,weekend_normal
2017-03-20,workday_normal
2017-03-21,workday_normal
2017-03-22,workday_abnormal_misc
2017-03-23,workday_abnormal_misc
2017-03-24,workday_normal
2017-03-25,weekend_normal
2017-03-26,weekend_normal
2017-03-27,workday_normal
2017-03-28,workday_abnormal_misc
2017-03-29,workday_abnormal_misc
2017-03-30,workday_normal
2017-03-31,workday_normal
2017-04-01,weekend_normal
2017-04-02,weekend_normal
2017-04-03,workday_normal
2017-04-04,workday_normal
2017-04-05,workday_normal
2017-04-06,workday_normal
2017-04-07,workday_normal
2017-04-08,weekend_normal
2017-04-09,weekend_normal
2017-04-10,workday_normal
2017-04-11,workday_normal
2017-04-12,workday_normal
2017-04-13,workday_normal
2017-04-14,workday_normal
2017-04-15,weekend_normal
2017-04-16,weekend_abnormal
2017-04-17,workday_normal
2017-04-18,workday_normal
2017-04-19,workday_normal
2017-04-20,workday_normal
2017-04-21,workday_normal
2017-04-22,weekend_abnormal
2017-04-23,weekend_abnormal
2017-04-24,workday_normal
2017-04-25,workday_normal
2017-04-26,workday_normal
2017-04-27,workday_normal
2017-04-28,workday_normal
2017-04-29,weekend_normal
2017-04-30,weekend_normal
